file,writer_id,split,page
F:\PycharmProjects\DeepWriterID-v2\\data\raw\WPTT2.0-Train\015-P17.wptt,15,Train,015-P17
F:\PycharmProjects\DeepWriterID-v2\\data\raw\WPTT2.0-Train\015-P18.wptt,15,Train,015-P18
F:\PycharmProjects\DeepWriterID-v2\\data\raw\WPTT2.0-Train\015-P19.wptt,15,Train,015-P19
F:\PycharmProjects\DeepWriterID-v2\\data\raw\WPTT2.0-Train\015-P20.wptt,15,Train,015-P20
F:\PycharmProjects\DeepWriterID-v2\\data\raw\WPTT2.0-Train\015-P16.wptt,15,Test,015-P16
F:\PycharmProjects\DeepWriterID-v2\\data\raw\WPTT2.0-Train\001-P16.wptt,1,Train,001-P16
F:\PycharmProjects\DeepWriterID-v2\\data\raw\WPTT2.0-Train\001-P17.wptt,1,Train,001-P17
F:\PycharmProjects\DeepWriterID-v2\\data\raw\WPTT2.0-Train\001-P18.wptt,1,Test,001-P18
F:\PycharmProjects\DeepWriterID-v2\\data\raw\WPTT2.0-Train\001-P19.wptt,1,Train,001-P19
F:\PycharmProjects\DeepWriterID-v2\\data\raw\WPTT2.0-Train\001-P20.wptt,1,Train,001-P20
F:\PycharmProjects\DeepWriterID-v2\\data\raw\WPTT2.0-Train\016-P17.wptt,16,Test,016-P17
F:\PycharmProjects\DeepWriterID-v2\\data\raw\WPTT2.0-Train\016-P16.wptt,16,Train,016-P16
F:\PycharmProjects\DeepWriterID-v2\\data\raw\WPTT2.0-Train\016-P18.wptt,16,Train,016-P18
F:\PycharmProjects\DeepWriterID-v2\\data\raw\WPTT2.0-Train\016-P19.wptt,16,Train,016-P19
F:\PycharmProjects\DeepWriterID-v2\\data\raw\WPTT2.0-Train\016-P20.wptt,16,Train,016-P20
F:\PycharmProjects\DeepWriterID-v2\\data\raw\WPTT2.0-Train\002-P16.wptt,2,Train,002-P16
F:\PycharmProjects\DeepWriterID-v2\\data\raw\WPTT2.0-Train\002-P17.wptt,2,Train,002-P17
F:\PycharmProjects\DeepWriterID-v2\\data\raw\WPTT2.0-Train\002-P18.wptt,2,Train,002-P18
F:\PycharmProjects\DeepWriterID-v2\\data\raw\WPTT2.0-Train\002-P19.wptt,2,Test,002-P19
F:\PycharmProjects\DeepWriterID-v2\\data\raw\WPTT2.0-Train\002-P20.wptt,2,Train,002-P20
F:\PycharmProjects\DeepWriterID-v2\\data\raw\WPTT2.0-Train\018-P20.wptt,18,Train,018-P20
F:\PycharmProjects\DeepWriterID-v2\\data\raw\WPTT2.0-Train\018-P16.wptt,18,Train,018-P16
F:\PycharmProjects\DeepWriterID-v2\\data\raw\WPTT2.0-Train\018-P17.wptt,18,Test,018-P17
F:\PycharmProjects\DeepWriterID-v2\\data\raw\WPTT2.0-Train\018-P18.wptt,18,Train,018-P18
F:\PycharmProjects\DeepWriterID-v2\\data\raw\WPTT2.0-Train\018-P19.wptt,18,Train,018-P19
F:\PycharmProjects\DeepWriterID-v2\\data\raw\WPTT2.0-Train\019-P16.wptt,19,Train,019-P16
F:\PycharmProjects\DeepWriterID-v2\\data\raw\WPTT2.0-Train\019-P17.wptt,19,Train,019-P17
F:\PycharmProjects\DeepWriterID-v2\\data\raw\WPTT2.0-Train\019-P18.wptt,19,Test,019-P18
F:\PycharmProjects\DeepWriterID-v2\\data\raw\WPTT2.0-Train\019-P19.wptt,19,Train,019-P19
F:\PycharmProjects\DeepWriterID-v2\\data\raw\WPTT2.0-Train\019-P20.wptt,19,Train,019-P20
F:\PycharmProjects\DeepWriterID-v2\\data\raw\WPTT2.0-Train\003-P16.wptt,3,Train,003-P16
F:\PycharmProjects\DeepWriterID-v2\\data\raw\WPTT2.0-Train\003-P17.wptt,3,Test,003-P17
F:\PycharmProjects\DeepWriterID-v2\\data\raw\WPTT2.0-Train\003-P18.wptt,3,Train,003-P18
F:\PycharmProjects\DeepWriterID-v2\\data\raw\WPTT2.0-Train\003-P19.wptt,3,Train,003-P19
F:\PycharmProjects\DeepWriterID-v2\\data\raw\WPTT2.0-Train\003-P20.wptt,3,Train,003-P20
F:\PycharmProjects\DeepWriterID-v2\\data\raw\WPTT2.0-Train\021-P16.wptt,21,Train,021-P16
F:\PycharmProjects\DeepWriterID-v2\\data\raw\WPTT2.0-Train\021-P17.wptt,21,Train,021-P17
F:\PycharmProjects\DeepWriterID-v2\\data\raw\WPTT2.0-Train\021-P18.wptt,21,Test,021-P18
F:\PycharmProjects\DeepWriterID-v2\\data\raw\WPTT2.0-Train\021-P19.wptt,21,Train,021-P19
F:\PycharmProjects\DeepWriterID-v2\\data\raw\WPTT2.0-Train\021-P20.wptt,21,Train,021-P20
F:\PycharmProjects\DeepWriterID-v2\\data\raw\WPTT2.0-Train\004-P16.wptt,4,Test,004-P16
F:\PycharmProjects\DeepWriterID-v2\\data\raw\WPTT2.0-Train\004-P17.wptt,4,Train,004-P17
F:\PycharmProjects\DeepWriterID-v2\\data\raw\WPTT2.0-Train\004-P18.wptt,4,Train,004-P18
F:\PycharmProjects\DeepWriterID-v2\\data\raw\WPTT2.0-Train\004-P19.wptt,4,Train,004-P19
F:\PycharmProjects\DeepWriterID-v2\\data\raw\WPTT2.0-Train\004-P20.wptt,4,Train,004-P20
F:\PycharmProjects\DeepWriterID-v2\\data\raw\WPTT2.0-Train\022-P16.wptt,22,Test,022-P16
F:\PycharmProjects\DeepWriterID-v2\\data\raw\WPTT2.0-Train\022-P17.wptt,22,Train,022-P17
F:\PycharmProjects\DeepWriterID-v2\\data\raw\WPTT2.0-Train\022-P18.wptt,22,Train,022-P18
F:\PycharmProjects\DeepWriterID-v2\\data\raw\WPTT2.0-Train\022-P19.wptt,22,Train,022-P19
F:\PycharmProjects\DeepWriterID-v2\\data\raw\WPTT2.0-Train\022-P20.wptt,22,Train,022-P20
F:\PycharmProjects\DeepWriterID-v2\\data\raw\WPTT2.0-Train\005-P16.wptt,5,Train,005-P16
F:\PycharmProjects\DeepWriterID-v2\\data\raw\WPTT2.0-Train\005-P17.wptt,5,Train,005-P17
F:\PycharmProjects\DeepWriterID-v2\\data\raw\WPTT2.0-Train\005-P18.wptt,5,Train,005-P18
F:\PycharmProjects\DeepWriterID-v2\\data\raw\WPTT2.0-Train\005-P19.wptt,5,Test,005-P19
F:\PycharmProjects\DeepWriterID-v2\\data\raw\WPTT2.0-Train\005-P20.wptt,5,Train,005-P20
F:\PycharmProjects\DeepWriterID-v2\\data\raw\WPTT2.0-Train\023-P16.wptt,23,Test,023-P16
F:\PycharmProjects\DeepWriterID-v2\\data\raw\WPTT2.0-Train\023-P17.wptt,23,Train,023-P17
F:\PycharmProjects\DeepWriterID-v2\\data\raw\WPTT2.0-Train\023-P18.wptt,23,Train,023-P18
F:\PycharmProjects\DeepWriterID-v2\\data\raw\WPTT2.0-Train\023-P19.wptt,23,Train,023-P19
F:\PycharmProjects\DeepWriterID-v2\\data\raw\WPTT2.0-Train\023-P20.wptt,23,Train,023-P20
F:\PycharmProjects\DeepWriterID-v2\\data\raw\WPTT2.0-Train\007-P16.wptt,7,Test,007-P16
F:\PycharmProjects\DeepWriterID-v2\\data\raw\WPTT2.0-Train\007-P17.wptt,7,Train,007-P17
F:\PycharmProjects\DeepWriterID-v2\\data\raw\WPTT2.0-Train\007-P18.wptt,7,Train,007-P18
F:\PycharmProjects\DeepWriterID-v2\\data\raw\WPTT2.0-Train\007-P19.wptt,7,Train,007-P19
F:\PycharmProjects\DeepWriterID-v2\\data\raw\WPTT2.0-Train\007-P20.wptt,7,Train,007-P20
F:\PycharmProjects\DeepWriterID-v2\\data\raw\WPTT2.0-Train\024-P16.wptt,24,Test,024-P16
F:\PycharmProjects\DeepWriterID-v2\\data\raw\WPTT2.0-Train\024-P17.wptt,24,Train,024-P17
F:\PycharmProjects\DeepWriterID-v2\\data\raw\WPTT2.0-Train\024-P18.wptt,24,Train,024-P18
F:\PycharmProjects\DeepWriterID-v2\\data\raw\WPTT2.0-Train\024-P19.wptt,24,Train,024-P19
F:\PycharmProjects\DeepWriterID-v2\\data\raw\WPTT2.0-Train\024-P20.wptt,24,Train,024-P20
F:\PycharmProjects\DeepWriterID-v2\\data\raw\WPTT2.0-Train\008-P16.wptt,8,Train,008-P16
F:\PycharmProjects\DeepWriterID-v2\\data\raw\WPTT2.0-Train\008-P17.wptt,8,Train,008-P17
F:\PycharmProjects\DeepWriterID-v2\\data\raw\WPTT2.0-Train\008-P18.wptt,8,Train,008-P18
F:\PycharmProjects\DeepWriterID-v2\\data\raw\WPTT2.0-Train\008-P19.wptt,8,Train,008-P19
F:\PycharmProjects\DeepWriterID-v2\\data\raw\WPTT2.0-Train\008-P20.wptt,8,Test,008-P20
F:\PycharmProjects\DeepWriterID-v2\\data\raw\WPTT2.0-Train\025-P16.wptt,25,Train,025-P16
F:\PycharmProjects\DeepWriterID-v2\\data\raw\WPTT2.0-Train\025-P17.wptt,25,Test,025-P17
F:\PycharmProjects\DeepWriterID-v2\\data\raw\WPTT2.0-Train\025-P18.wptt,25,Train,025-P18
F:\PycharmProjects\DeepWriterID-v2\\data\raw\WPTT2.0-Train\025-P19.wptt,25,Train,025-P19
F:\PycharmProjects\DeepWriterID-v2\\data\raw\WPTT2.0-Train\025-P20.wptt,25,Train,025-P20
F:\PycharmProjects\DeepWriterID-v2\\data\raw\WPTT2.0-Train\009-P16.wptt,9,Train,009-P16
F:\PycharmProjects\DeepWriterID-v2\\data\raw\WPTT2.0-Train\009-P17.wptt,9,Test,009-P17
F:\PycharmProjects\DeepWriterID-v2\\data\raw\WPTT2.0-Train\009-P18.wptt,9,Train,009-P18
F:\PycharmProjects\DeepWriterID-v2\\data\raw\WPTT2.0-Train\009-P19.wptt,9,Train,009-P19
F:\PycharmProjects\DeepWriterID-v2\\data\raw\WPTT2.0-Train\009-P20.wptt,9,Train,009-P20
F:\PycharmProjects\DeepWriterID-v2\\data\raw\WPTT2.0-Train\026-P16.wptt,26,Train,026-P16
F:\PycharmProjects\DeepWriterID-v2\\data\raw\WPTT2.0-Train\026-P17.wptt,26,Test,026-P17
F:\PycharmProjects\DeepWriterID-v2\\data\raw\WPTT2.0-Train\026-P18.wptt,26,Train,026-P18
F:\PycharmProjects\DeepWriterID-v2\\data\raw\WPTT2.0-Train\026-P19.wptt,26,Train,026-P19
F:\PycharmProjects\DeepWriterID-v2\\data\raw\WPTT2.0-Train\026-P20.wptt,26,Train,026-P20
F:\PycharmProjects\DeepWriterID-v2\\data\raw\WPTT2.0-Train\010-P16.wptt,10,Train,010-P16
F:\PycharmProjects\DeepWriterID-v2\\data\raw\WPTT2.0-Train\010-P17.wptt,10,Train,010-P17
F:\PycharmProjects\DeepWriterID-v2\\data\raw\WPTT2.0-Train\010-P18.wptt,10,Test,010-P18
F:\PycharmProjects\DeepWriterID-v2\\data\raw\WPTT2.0-Train\010-P19.wptt,10,Train,010-P19
F:\PycharmProjects\DeepWriterID-v2\\data\raw\WPTT2.0-Train\010-P20.wptt,10,Train,010-P20
F:\PycharmProjects\DeepWriterID-v2\\data\raw\WPTT2.0-Train\027-P16.wptt,27,Train,027-P16
F:\PycharmProjects\DeepWriterID-v2\\data\raw\WPTT2.0-Train\027-P17.wptt,27,Train,027-P17
F:\PycharmProjects\DeepWriterID-v2\\data\raw\WPTT2.0-Train\027-P18.wptt,27,Train,027-P18
F:\PycharmProjects\DeepWriterID-v2\\data\raw\WPTT2.0-Train\027-P19.wptt,27,Train,027-P19
F:\PycharmProjects\DeepWriterID-v2\\data\raw\WPTT2.0-Train\027-P20.wptt,27,Test,027-P20
F:\PycharmProjects\DeepWriterID-v2\\data\raw\WPTT2.0-Train\011-P16.wptt,11,Train,011-P16
F:\PycharmProjects\DeepWriterID-v2\\data\raw\WPTT2.0-Train\011-P17.wptt,11,Train,011-P17
F:\PycharmProjects\DeepWriterID-v2\\data\raw\WPTT2.0-Train\011-P18.wptt,11,Test,011-P18
F:\PycharmProjects\DeepWriterID-v2\\data\raw\WPTT2.0-Train\011-P19.wptt,11,Train,011-P19
F:\PycharmProjects\DeepWriterID-v2\\data\raw\WPTT2.0-Train\011-P20.wptt,11,Train,011-P20
F:\PycharmProjects\DeepWriterID-v2\\data\raw\WPTT2.0-Train\028-P16.wptt,28,Train,028-P16
F:\PycharmProjects\DeepWriterID-v2\\data\raw\WPTT2.0-Train\028-P17.wptt,28,Train,028-P17
F:\PycharmProjects\DeepWriterID-v2\\data\raw\WPTT2.0-Train\028-P18.wptt,28,Test,028-P18
F:\PycharmProjects\DeepWriterID-v2\\data\raw\WPTT2.0-Train\028-P19.wptt,28,Train,028-P19
F:\PycharmProjects\DeepWriterID-v2\\data\raw\WPTT2.0-Train\028-P20.wptt,28,Train,028-P20
F:\PycharmProjects\DeepWriterID-v2\\data\raw\WPTT2.0-Train\012-P16.wptt,12,Train,012-P16
F:\PycharmProjects\DeepWriterID-v2\\data\raw\WPTT2.0-Train\012-P17.wptt,12,Train,012-P17
F:\PycharmProjects\DeepWriterID-v2\\data\raw\WPTT2.0-Train\012-P18.wptt,12,Train,012-P18
F:\PycharmProjects\DeepWriterID-v2\\data\raw\WPTT2.0-Train\012-P19.wptt,12,Train,012-P19
F:\PycharmProjects\DeepWriterID-v2\\data\raw\WPTT2.0-Train\012-P20.wptt,12,Test,012-P20
F:\PycharmProjects\DeepWriterID-v2\\data\raw\WPTT2.0-Train\030-P16.wptt,30,Train,030-P16
F:\PycharmProjects\DeepWriterID-v2\\data\raw\WPTT2.0-Train\030-P17.wptt,30,Test,030-P17
F:\PycharmProjects\DeepWriterID-v2\\data\raw\WPTT2.0-Train\030-P18.wptt,30,Train,030-P18
F:\PycharmProjects\DeepWriterID-v2\\data\raw\WPTT2.0-Train\030-P19.wptt,30,Train,030-P19
F:\PycharmProjects\DeepWriterID-v2\\data\raw\WPTT2.0-Train\030-P20.wptt,30,Train,030-P20
F:\PycharmProjects\DeepWriterID-v2\\data\raw\WPTT2.0-Train\014-P16.wptt,14,Train,014-P16
F:\PycharmProjects\DeepWriterID-v2\\data\raw\WPTT2.0-Train\014-P17.wptt,14,Train,014-P17
F:\PycharmProjects\DeepWriterID-v2\\data\raw\WPTT2.0-Train\014-P18.wptt,14,Test,014-P18
F:\PycharmProjects\DeepWriterID-v2\\data\raw\WPTT2.0-Train\014-P19.wptt,14,Train,014-P19
F:\PycharmProjects\DeepWriterID-v2\\data\raw\WPTT2.0-Train\014-P20.wptt,14,Train,014-P20
F:\PycharmProjects\DeepWriterID-v2\\data\raw\WPTT2.0-Train\031-P16.wptt,31,Train,031-P16
F:\PycharmProjects\DeepWriterID-v2\\data\raw\WPTT2.0-Train\031-P17.wptt,31,Train,031-P17
F:\PycharmProjects\DeepWriterID-v2\\data\raw\WPTT2.0-Train\031-P18.wptt,31,Train,031-P18
F:\PycharmProjects\DeepWriterID-v2\\data\raw\WPTT2.0-Train\031-P19.wptt,31,Test,031-P19
F:\PycharmProjects\DeepWriterID-v2\\data\raw\WPTT2.0-Train\031-P20.wptt,31,Train,031-P20
F:\PycharmProjects\DeepWriterID-v2\\data\raw\WPTT2.0-Train\017-P16.wptt,17,Train,017-P16
F:\PycharmProjects\DeepWriterID-v2\\data\raw\WPTT2.0-Train\017-P17.wptt,17,Train,017-P17
F:\PycharmProjects\DeepWriterID-v2\\data\raw\WPTT2.0-Train\017-P18.wptt,17,Train,017-P18
F:\PycharmProjects\DeepWriterID-v2\\data\raw\WPTT2.0-Train\017-P19.wptt,17,Train,017-P19
F:\PycharmProjects\DeepWriterID-v2\\data\raw\WPTT2.0-Train\017-P20.wptt,17,Test,017-P20
F:\PycharmProjects\DeepWriterID-v2\\data\raw\WPTT2.0-Train\032-P16.wptt,32,Train,032-P16
F:\PycharmProjects\DeepWriterID-v2\\data\raw\WPTT2.0-Train\032-P17.wptt,32,Test,032-P17
F:\PycharmProjects\DeepWriterID-v2\\data\raw\WPTT2.0-Train\032-P18.wptt,32,Train,032-P18
F:\PycharmProjects\DeepWriterID-v2\\data\raw\WPTT2.0-Train\032-P19.wptt,32,Train,032-P19
F:\PycharmProjects\DeepWriterID-v2\\data\raw\WPTT2.0-Train\032-P20.wptt,32,Train,032-P20
F:\PycharmProjects\DeepWriterID-v2\\data\raw\WPTT2.0-Train\033-P16.wptt,33,Train,033-P16
F:\PycharmProjects\DeepWriterID-v2\\data\raw\WPTT2.0-Train\033-P17.wptt,33,Test,033-P17
F:\PycharmProjects\DeepWriterID-v2\\data\raw\WPTT2.0-Train\033-P18.wptt,33,Train,033-P18
F:\PycharmProjects\DeepWriterID-v2\\data\raw\WPTT2.0-Train\033-P19.wptt,33,Train,033-P19
F:\PycharmProjects\DeepWriterID-v2\\data\raw\WPTT2.0-Train\033-P20.wptt,33,Train,033-P20
F:\PycharmProjects\DeepWriterID-v2\\data\raw\WPTT2.0-Train\034-P16.wptt,34,Test,034-P16
F:\PycharmProjects\DeepWriterID-v2\\data\raw\WPTT2.0-Train\034-P17.wptt,34,Train,034-P17
F:\PycharmProjects\DeepWriterID-v2\\data\raw\WPTT2.0-Train\034-P18.wptt,34,Train,034-P18
F:\PycharmProjects\DeepWriterID-v2\\data\raw\WPTT2.0-Train\034-P19.wptt,34,Train,034-P19
F:\PycharmProjects\DeepWriterID-v2\\data\raw\WPTT2.0-Train\034-P20.wptt,34,Train,034-P20
F:\PycharmProjects\DeepWriterID-v2\\data\raw\WPTT2.0-Train\035-P16.wptt,35,Train,035-P16
F:\PycharmProjects\DeepWriterID-v2\\data\raw\WPTT2.0-Train\035-P17.wptt,35,Train,035-P17
F:\PycharmProjects\DeepWriterID-v2\\data\raw\WPTT2.0-Train\035-P18.wptt,35,Train,035-P18
F:\PycharmProjects\DeepWriterID-v2\\data\raw\WPTT2.0-Train\035-P19.wptt,35,Test,035-P19
F:\PycharmProjects\DeepWriterID-v2\\data\raw\WPTT2.0-Train\035-P20.wptt,35,Train,035-P20
F:\PycharmProjects\DeepWriterID-v2\\data\raw\WPTT2.0-Train\036-P16.wptt,36,Train,036-P16
F:\PycharmProjects\DeepWriterID-v2\\data\raw\WPTT2.0-Train\036-P17.wptt,36,Train,036-P17
F:\PycharmProjects\DeepWriterID-v2\\data\raw\WPTT2.0-Train\036-P18.wptt,36,Train,036-P18
F:\PycharmProjects\DeepWriterID-v2\\data\raw\WPTT2.0-Train\036-P19.wptt,36,Train,036-P19
F:\PycharmProjects\DeepWriterID-v2\\data\raw\WPTT2.0-Train\036-P20.wptt,36,Test,036-P20
F:\PycharmProjects\DeepWriterID-v2\\data\raw\WPTT2.0-Train\037-P16.wptt,37,Train,037-P16
F:\PycharmProjects\DeepWriterID-v2\\data\raw\WPTT2.0-Train\037-P17.wptt,37,Train,037-P17
F:\PycharmProjects\DeepWriterID-v2\\data\raw\WPTT2.0-Train\037-P18.wptt,37,Train,037-P18
F:\PycharmProjects\DeepWriterID-v2\\data\raw\WPTT2.0-Train\037-P19.wptt,37,Test,037-P19
F:\PycharmProjects\DeepWriterID-v2\\data\raw\WPTT2.0-Train\037-P20.wptt,37,Train,037-P20
F:\PycharmProjects\DeepWriterID-v2\\data\raw\WPTT2.0-Train\039-P16.wptt,39,Train,039-P16
F:\PycharmProjects\DeepWriterID-v2\\data\raw\WPTT2.0-Train\039-P17.wptt,39,Train,039-P17
F:\PycharmProjects\DeepWriterID-v2\\data\raw\WPTT2.0-Train\039-P18.wptt,39,Train,039-P18
F:\PycharmProjects\DeepWriterID-v2\\data\raw\WPTT2.0-Train\039-P19.wptt,39,Test,039-P19
F:\PycharmProjects\DeepWriterID-v2\\data\raw\WPTT2.0-Train\039-P20.wptt,39,Train,039-P20
F:\PycharmProjects\DeepWriterID-v2\\data\raw\WPTT2.0-Train\040-P16.wptt,40,Test,040-P16
F:\PycharmProjects\DeepWriterID-v2\\data\raw\WPTT2.0-Train\040-P17.wptt,40,Train,040-P17
F:\PycharmProjects\DeepWriterID-v2\\data\raw\WPTT2.0-Train\040-P18.wptt,40,Train,040-P18
F:\PycharmProjects\DeepWriterID-v2\\data\raw\WPTT2.0-Train\040-P19.wptt,40,Train,040-P19
F:\PycharmProjects\DeepWriterID-v2\\data\raw\WPTT2.0-Train\040-P20.wptt,40,Train,040-P20
F:\PycharmProjects\DeepWriterID-v2\\data\raw\WPTT2.0-Train\041-P16.wptt,41,Train,041-P16
F:\PycharmProjects\DeepWriterID-v2\\data\raw\WPTT2.0-Train\041-P17.wptt,41,Train,041-P17
F:\PycharmProjects\DeepWriterID-v2\\data\raw\WPTT2.0-Train\041-P18.wptt,41,Train,041-P18
F:\PycharmProjects\DeepWriterID-v2\\data\raw\WPTT2.0-Train\041-P19.wptt,41,Train,041-P19
F:\PycharmProjects\DeepWriterID-v2\\data\raw\WPTT2.0-Train\041-P20.wptt,41,Test,041-P20
F:\PycharmProjects\DeepWriterID-v2\\data\raw\WPTT2.0-Train\043-P16.wptt,43,Train,043-P16
F:\PycharmProjects\DeepWriterID-v2\\data\raw\WPTT2.0-Train\043-P17.wptt,43,Train,043-P17
F:\PycharmProjects\DeepWriterID-v2\\data\raw\WPTT2.0-Train\043-P18.wptt,43,Train,043-P18
F:\PycharmProjects\DeepWriterID-v2\\data\raw\WPTT2.0-Train\043-P19.wptt,43,Test,043-P19
F:\PycharmProjects\DeepWriterID-v2\\data\raw\WPTT2.0-Train\043-P20.wptt,43,Train,043-P20
F:\PycharmProjects\DeepWriterID-v2\\data\raw\WPTT2.0-Train\044-P16.wptt,44,Train,044-P16
F:\PycharmProjects\DeepWriterID-v2\\data\raw\WPTT2.0-Train\044-P17.wptt,44,Test,044-P17
F:\PycharmProjects\DeepWriterID-v2\\data\raw\WPTT2.0-Train\044-P18.wptt,44,Train,044-P18
F:\PycharmProjects\DeepWriterID-v2\\data\raw\WPTT2.0-Train\044-P19.wptt,44,Train,044-P19
F:\PycharmProjects\DeepWriterID-v2\\data\raw\WPTT2.0-Train\044-P20.wptt,44,Train,044-P20
F:\PycharmProjects\DeepWriterID-v2\\data\raw\WPTT2.0-Train\045-P16.wptt,45,Train,045-P16
F:\PycharmProjects\DeepWriterID-v2\\data\raw\WPTT2.0-Train\045-P17.wptt,45,Train,045-P17
F:\PycharmProjects\DeepWriterID-v2\\data\raw\WPTT2.0-Train\045-P18.wptt,45,Test,045-P18
F:\PycharmProjects\DeepWriterID-v2\\data\raw\WPTT2.0-Train\045-P19.wptt,45,Train,045-P19
F:\PycharmProjects\DeepWriterID-v2\\data\raw\WPTT2.0-Train\045-P20.wptt,45,Train,045-P20
F:\PycharmProjects\DeepWriterID-v2\\data\raw\WPTT2.0-Train\047-P16.wptt,47,Train,047-P16
F:\PycharmProjects\DeepWriterID-v2\\data\raw\WPTT2.0-Train\047-P17.wptt,47,Train,047-P17
F:\PycharmProjects\DeepWriterID-v2\\data\raw\WPTT2.0-Train\047-P18.wptt,47,Train,047-P18
F:\PycharmProjects\DeepWriterID-v2\\data\raw\WPTT2.0-Train\047-P19.wptt,47,Test,047-P19
F:\PycharmProjects\DeepWriterID-v2\\data\raw\WPTT2.0-Train\047-P20.wptt,47,Train,047-P20
F:\PycharmProjects\DeepWriterID-v2\\data\raw\WPTT2.0-Train\048-P16.wptt,48,Train,048-P16
F:\PycharmProjects\DeepWriterID-v2\\data\raw\WPTT2.0-Train\048-P17.wptt,48,Train,048-P17
F:\PycharmProjects\DeepWriterID-v2\\data\raw\WPTT2.0-Train\048-P18.wptt,48,Train,048-P18
F:\PycharmProjects\DeepWriterID-v2\\data\raw\WPTT2.0-Train\048-P19.wptt,48,Test,048-P19
F:\PycharmProjects\DeepWriterID-v2\\data\raw\WPTT2.0-Train\048-P20.wptt,48,Train,048-P20
F:\PycharmProjects\DeepWriterID-v2\\data\raw\WPTT2.0-Train\049-P16.wptt,49,Train,049-P16
F:\PycharmProjects\DeepWriterID-v2\\data\raw\WPTT2.0-Train\049-P17.wptt,49,Train,049-P17
F:\PycharmProjects\DeepWriterID-v2\\data\raw\WPTT2.0-Train\049-P18.wptt,49,Test,049-P18
F:\PycharmProjects\DeepWriterID-v2\\data\raw\WPTT2.0-Train\049-P19.wptt,49,Train,049-P19
F:\PycharmProjects\DeepWriterID-v2\\data\raw\WPTT2.0-Train\049-P20.wptt,49,Train,049-P20
F:\PycharmProjects\DeepWriterID-v2\\data\raw\WPTT2.0-Train\050-P16.wptt,50,Test,050-P16
F:\PycharmProjects\DeepWriterID-v2\\data\raw\WPTT2.0-Train\050-P17.wptt,50,Train,050-P17
F:\PycharmProjects\DeepWriterID-v2\\data\raw\WPTT2.0-Train\050-P18.wptt,50,Train,050-P18
F:\PycharmProjects\DeepWriterID-v2\\data\raw\WPTT2.0-Train\050-P19.wptt,50,Train,050-P19
F:\PycharmProjects\DeepWriterID-v2\\data\raw\WPTT2.0-Train\050-P20.wptt,50,Train,050-P20
F:\PycharmProjects\DeepWriterID-v2\\data\raw\WPTT2.0-Train\051-P16.wptt,51,Test,051-P16
F:\PycharmProjects\DeepWriterID-v2\\data\raw\WPTT2.0-Train\051-P17.wptt,51,Train,051-P17
F:\PycharmProjects\DeepWriterID-v2\\data\raw\WPTT2.0-Train\051-P18.wptt,51,Train,051-P18
F:\PycharmProjects\DeepWriterID-v2\\data\raw\WPTT2.0-Train\051-P19.wptt,51,Train,051-P19
F:\PycharmProjects\DeepWriterID-v2\\data\raw\WPTT2.0-Train\051-P20.wptt,51,Train,051-P20
F:\PycharmProjects\DeepWriterID-v2\\data\raw\WPTT2.0-Train\052-P16.wptt,52,Test,052-P16
F:\PycharmProjects\DeepWriterID-v2\\data\raw\WPTT2.0-Train\052-P17.wptt,52,Train,052-P17
F:\PycharmProjects\DeepWriterID-v2\\data\raw\WPTT2.0-Train\052-P18.wptt,52,Train,052-P18
F:\PycharmProjects\DeepWriterID-v2\\data\raw\WPTT2.0-Train\052-P19.wptt,52,Train,052-P19
F:\PycharmProjects\DeepWriterID-v2\\data\raw\WPTT2.0-Train\052-P20.wptt,52,Train,052-P20
F:\PycharmProjects\DeepWriterID-v2\\data\raw\WPTT2.0-Train\053-P16.wptt,53,Train,053-P16
F:\PycharmProjects\DeepWriterID-v2\\data\raw\WPTT2.0-Train\053-P17.wptt,53,Train,053-P17
F:\PycharmProjects\DeepWriterID-v2\\data\raw\WPTT2.0-Train\053-P18.wptt,53,Train,053-P18
F:\PycharmProjects\DeepWriterID-v2\\data\raw\WPTT2.0-Train\053-P19.wptt,53,Train,053-P19
F:\PycharmProjects\DeepWriterID-v2\\data\raw\WPTT2.0-Train\053-P20.wptt,53,Test,053-P20
F:\PycharmProjects\DeepWriterID-v2\\data\raw\WPTT2.0-Train\054-P16.wptt,54,Train,054-P16
F:\PycharmProjects\DeepWriterID-v2\\data\raw\WPTT2.0-Train\054-P17.wptt,54,Train,054-P17
F:\PycharmProjects\DeepWriterID-v2\\data\raw\WPTT2.0-Train\054-P18.wptt,54,Train,054-P18
F:\PycharmProjects\DeepWriterID-v2\\data\raw\WPTT2.0-Train\054-P19.wptt,54,Train,054-P19
F:\PycharmProjects\DeepWriterID-v2\\data\raw\WPTT2.0-Train\054-P20.wptt,54,Test,054-P20
F:\PycharmProjects\DeepWriterID-v2\\data\raw\WPTT2.0-Train\055-P16.wptt,55,Train,055-P16
F:\PycharmProjects\DeepWriterID-v2\\data\raw\WPTT2.0-Train\055-P17.wptt,55,Train,055-P17
F:\PycharmProjects\DeepWriterID-v2\\data\raw\WPTT2.0-Train\055-P18.wptt,55,Test,055-P18
F:\PycharmProjects\DeepWriterID-v2\\data\raw\WPTT2.0-Train\055-P19.wptt,55,Train,055-P19
F:\PycharmProjects\DeepWriterID-v2\\data\raw\WPTT2.0-Train\055-P20.wptt,55,Train,055-P20
F:\PycharmProjects\DeepWriterID-v2\\data\raw\WPTT2.0-Train\056-P16.wptt,56,Train,056-P16
F:\PycharmProjects\DeepWriterID-v2\\data\raw\WPTT2.0-Train\056-P17.wptt,56,Train,056-P17
F:\PycharmProjects\DeepWriterID-v2\\data\raw\WPTT2.0-Train\056-P18.wptt,56,Train,056-P18
F:\PycharmProjects\DeepWriterID-v2\\data\raw\WPTT2.0-Train\056-P19.wptt,56,Test,056-P19
F:\PycharmProjects\DeepWriterID-v2\\data\raw\WPTT2.0-Train\056-P20.wptt,56,Train,056-P20
F:\PycharmProjects\DeepWriterID-v2\\data\raw\WPTT2.0-Train\057-P16.wptt,57,Train,057-P16
F:\PycharmProjects\DeepWriterID-v2\\data\raw\WPTT2.0-Train\057-P17.wptt,57,Train,057-P17
F:\PycharmProjects\DeepWriterID-v2\\data\raw\WPTT2.0-Train\057-P18.wptt,57,Train,057-P18
F:\PycharmProjects\DeepWriterID-v2\\data\raw\WPTT2.0-Train\057-P19.wptt,57,Train,057-P19
F:\PycharmProjects\DeepWriterID-v2\\data\raw\WPTT2.0-Train\057-P20.wptt,57,Test,057-P20
F:\PycharmProjects\DeepWriterID-v2\\data\raw\WPTT2.0-Train\059-P16.wptt,59,Train,059-P16
F:\PycharmProjects\DeepWriterID-v2\\data\raw\WPTT2.0-Train\059-P17.wptt,59,Test,059-P17
F:\PycharmProjects\DeepWriterID-v2\\data\raw\WPTT2.0-Train\059-P18.wptt,59,Train,059-P18
F:\PycharmProjects\DeepWriterID-v2\\data\raw\WPTT2.0-Train\059-P19.wptt,59,Train,059-P19
F:\PycharmProjects\DeepWriterID-v2\\data\raw\WPTT2.0-Train\059-P20.wptt,59,Train,059-P20
F:\PycharmProjects\DeepWriterID-v2\\data\raw\WPTT2.0-Train\061-P16.wptt,61,Train,061-P16
F:\PycharmProjects\DeepWriterID-v2\\data\raw\WPTT2.0-Train\061-P17.wptt,61,Train,061-P17
F:\PycharmProjects\DeepWriterID-v2\\data\raw\WPTT2.0-Train\061-P18.wptt,61,Train,061-P18
F:\PycharmProjects\DeepWriterID-v2\\data\raw\WPTT2.0-Train\061-P19.wptt,61,Train,061-P19
F:\PycharmProjects\DeepWriterID-v2\\data\raw\WPTT2.0-Train\061-P20.wptt,61,Test,061-P20
F:\PycharmProjects\DeepWriterID-v2\\data\raw\WPTT2.0-Train\063-P16.wptt,63,Test,063-P16
F:\PycharmProjects\DeepWriterID-v2\\data\raw\WPTT2.0-Train\063-P17.wptt,63,Train,063-P17
F:\PycharmProjects\DeepWriterID-v2\\data\raw\WPTT2.0-Train\063-P18.wptt,63,Train,063-P18
F:\PycharmProjects\DeepWriterID-v2\\data\raw\WPTT2.0-Train\063-P19.wptt,63,Train,063-P19
F:\PycharmProjects\DeepWriterID-v2\\data\raw\WPTT2.0-Train\063-P20.wptt,63,Train,063-P20
F:\PycharmProjects\DeepWriterID-v2\\data\raw\WPTT2.0-Train\064-P16.wptt,64,Train,064-P16
F:\PycharmProjects\DeepWriterID-v2\\data\raw\WPTT2.0-Train\064-P17.wptt,64,Train,064-P17
F:\PycharmProjects\DeepWriterID-v2\\data\raw\WPTT2.0-Train\064-P18.wptt,64,Train,064-P18
F:\PycharmProjects\DeepWriterID-v2\\data\raw\WPTT2.0-Train\064-P19.wptt,64,Train,064-P19
F:\PycharmProjects\DeepWriterID-v2\\data\raw\WPTT2.0-Train\064-P20.wptt,64,Test,064-P20
F:\PycharmProjects\DeepWriterID-v2\\data\raw\WPTT2.0-Train\065-P16.wptt,65,Train,065-P16
F:\PycharmProjects\DeepWriterID-v2\\data\raw\WPTT2.0-Train\065-P17.wptt,65,Train,065-P17
F:\PycharmProjects\DeepWriterID-v2\\data\raw\WPTT2.0-Train\065-P18.wptt,65,Train,065-P18
F:\PycharmProjects\DeepWriterID-v2\\data\raw\WPTT2.0-Train\065-P19.wptt,65,Test,065-P19
F:\PycharmProjects\DeepWriterID-v2\\data\raw\WPTT2.0-Train\065-P20.wptt,65,Train,065-P20
F:\PycharmProjects\DeepWriterID-v2\\data\raw\WPTT2.0-Train\066-P16.wptt,66,Train,066-P16
F:\PycharmProjects\DeepWriterID-v2\\data\raw\WPTT2.0-Train\066-P17.wptt,66,Train,066-P17
F:\PycharmProjects\DeepWriterID-v2\\data\raw\WPTT2.0-Train\066-P18.wptt,66,Test,066-P18
F:\PycharmProjects\DeepWriterID-v2\\data\raw\WPTT2.0-Train\066-P19.wptt,66,Train,066-P19
F:\PycharmProjects\DeepWriterID-v2\\data\raw\WPTT2.0-Train\066-P20.wptt,66,Train,066-P20
F:\PycharmProjects\DeepWriterID-v2\\data\raw\WPTT2.0-Train\067-P16.wptt,67,Train,067-P16
F:\PycharmProjects\DeepWriterID-v2\\data\raw\WPTT2.0-Train\067-P17.wptt,67,Train,067-P17
F:\PycharmProjects\DeepWriterID-v2\\data\raw\WPTT2.0-Train\067-P18.wptt,67,Test,067-P18
F:\PycharmProjects\DeepWriterID-v2\\data\raw\WPTT2.0-Train\067-P19.wptt,67,Train,067-P19
F:\PycharmProjects\DeepWriterID-v2\\data\raw\WPTT2.0-Train\067-P20.wptt,67,Train,067-P20
F:\PycharmProjects\DeepWriterID-v2\\data\raw\WPTT2.0-Train\068-P16.wptt,68,Train,068-P16
F:\PycharmProjects\DeepWriterID-v2\\data\raw\WPTT2.0-Train\068-P17.wptt,68,Train,068-P17
F:\PycharmProjects\DeepWriterID-v2\\data\raw\WPTT2.0-Train\068-P18.wptt,68,Train,068-P18
F:\PycharmProjects\DeepWriterID-v2\\data\raw\WPTT2.0-Train\068-P19.wptt,68,Test,068-P19
F:\PycharmProjects\DeepWriterID-v2\\data\raw\WPTT2.0-Train\068-P20.wptt,68,Train,068-P20
F:\PycharmProjects\DeepWriterID-v2\\data\raw\WPTT2.0-Train\070-P16.wptt,70,Train,070-P16
F:\PycharmProjects\DeepWriterID-v2\\data\raw\WPTT2.0-Train\070-P17.wptt,70,Train,070-P17
F:\PycharmProjects\DeepWriterID-v2\\data\raw\WPTT2.0-Train\070-P18.wptt,70,Test,070-P18
F:\PycharmProjects\DeepWriterID-v2\\data\raw\WPTT2.0-Train\070-P19.wptt,70,Train,070-P19
F:\PycharmProjects\DeepWriterID-v2\\data\raw\WPTT2.0-Train\070-P20.wptt,70,Train,070-P20
F:\PycharmProjects\DeepWriterID-v2\\data\raw\WPTT2.0-Train\071-P16.wptt,71,Train,071-P16
F:\PycharmProjects\DeepWriterID-v2\\data\raw\WPTT2.0-Train\071-P17.wptt,71,Train,071-P17
F:\PycharmProjects\DeepWriterID-v2\\data\raw\WPTT2.0-Train\071-P18.wptt,71,Test,071-P18
F:\PycharmProjects\DeepWriterID-v2\\data\raw\WPTT2.0-Train\071-P19.wptt,71,Train,071-P19
F:\PycharmProjects\DeepWriterID-v2\\data\raw\WPTT2.0-Train\071-P20.wptt,71,Train,071-P20
F:\PycharmProjects\DeepWriterID-v2\\data\raw\WPTT2.0-Train\072-P16.wptt,72,Train,072-P16
F:\PycharmProjects\DeepWriterID-v2\\data\raw\WPTT2.0-Train\072-P17.wptt,72,Train,072-P17
F:\PycharmProjects\DeepWriterID-v2\\data\raw\WPTT2.0-Train\072-P18.wptt,72,Train,072-P18
F:\PycharmProjects\DeepWriterID-v2\\data\raw\WPTT2.0-Train\072-P19.wptt,72,Train,072-P19
F:\PycharmProjects\DeepWriterID-v2\\data\raw\WPTT2.0-Train\072-P20.wptt,72,Test,072-P20
F:\PycharmProjects\DeepWriterID-v2\\data\raw\WPTT2.0-Train\074-P16.wptt,74,Train,074-P16
F:\PycharmProjects\DeepWriterID-v2\\data\raw\WPTT2.0-Train\074-P17.wptt,74,Train,074-P17
F:\PycharmProjects\DeepWriterID-v2\\data\raw\WPTT2.0-Train\074-P18.wptt,74,Train,074-P18
F:\PycharmProjects\DeepWriterID-v2\\data\raw\WPTT2.0-Train\074-P19.wptt,74,Train,074-P19
F:\PycharmProjects\DeepWriterID-v2\\data\raw\WPTT2.0-Train\074-P20.wptt,74,Test,074-P20
F:\PycharmProjects\DeepWriterID-v2\\data\raw\WPTT2.0-Train\075-P16.wptt,75,Test,075-P16
F:\PycharmProjects\DeepWriterID-v2\\data\raw\WPTT2.0-Train\075-P17.wptt,75,Train,075-P17
F:\PycharmProjects\DeepWriterID-v2\\data\raw\WPTT2.0-Train\075-P18.wptt,75,Train,075-P18
F:\PycharmProjects\DeepWriterID-v2\\data\raw\WPTT2.0-Train\075-P19.wptt,75,Train,075-P19
F:\PycharmProjects\DeepWriterID-v2\\data\raw\WPTT2.0-Train\075-P20.wptt,75,Train,075-P20
F:\PycharmProjects\DeepWriterID-v2\\data\raw\WPTT2.0-Train\076-P16.wptt,76,Train,076-P16
F:\PycharmProjects\DeepWriterID-v2\\data\raw\WPTT2.0-Train\076-P17.wptt,76,Train,076-P17
F:\PycharmProjects\DeepWriterID-v2\\data\raw\WPTT2.0-Train\076-P18.wptt,76,Test,076-P18
F:\PycharmProjects\DeepWriterID-v2\\data\raw\WPTT2.0-Train\076-P19.wptt,76,Train,076-P19
F:\PycharmProjects\DeepWriterID-v2\\data\raw\WPTT2.0-Train\076-P20.wptt,76,Train,076-P20
F:\PycharmProjects\DeepWriterID-v2\\data\raw\WPTT2.0-Train\077-P16.wptt,77,Train,077-P16
F:\PycharmProjects\DeepWriterID-v2\\data\raw\WPTT2.0-Train\077-P17.wptt,77,Train,077-P17
F:\PycharmProjects\DeepWriterID-v2\\data\raw\WPTT2.0-Train\077-P18.wptt,77,Test,077-P18
F:\PycharmProjects\DeepWriterID-v2\\data\raw\WPTT2.0-Train\077-P19.wptt,77,Train,077-P19
F:\PycharmProjects\DeepWriterID-v2\\data\raw\WPTT2.0-Train\077-P20.wptt,77,Train,077-P20
F:\PycharmProjects\DeepWriterID-v2\\data\raw\WPTT2.0-Train\078-P16.wptt,78,Train,078-P16
F:\PycharmProjects\DeepWriterID-v2\\data\raw\WPTT2.0-Train\078-P17.wptt,78,Train,078-P17
F:\PycharmProjects\DeepWriterID-v2\\data\raw\WPTT2.0-Train\078-P18.wptt,78,Test,078-P18
F:\PycharmProjects\DeepWriterID-v2\\data\raw\WPTT2.0-Train\078-P19.wptt,78,Train,078-P19
F:\PycharmProjects\DeepWriterID-v2\\data\raw\WPTT2.0-Train\078-P20.wptt,78,Train,078-P20
F:\PycharmProjects\DeepWriterID-v2\\data\raw\WPTT2.0-Train\079-P16.wptt,79,Train,079-P16
F:\PycharmProjects\DeepWriterID-v2\\data\raw\WPTT2.0-Train\079-P17.wptt,79,Test,079-P17
F:\PycharmProjects\DeepWriterID-v2\\data\raw\WPTT2.0-Train\079-P18.wptt,79,Train,079-P18
F:\PycharmProjects\DeepWriterID-v2\\data\raw\WPTT2.0-Train\079-P19.wptt,79,Train,079-P19
F:\PycharmProjects\DeepWriterID-v2\\data\raw\WPTT2.0-Train\079-P20.wptt,79,Train,079-P20
F:\PycharmProjects\DeepWriterID-v2\\data\raw\WPTT2.0-Train\080-P16.wptt,80,Train,080-P16
F:\PycharmProjects\DeepWriterID-v2\\data\raw\WPTT2.0-Train\080-P17.wptt,80,Train,080-P17
F:\PycharmProjects\DeepWriterID-v2\\data\raw\WPTT2.0-Train\080-P18.wptt,80,Train,080-P18
F:\PycharmProjects\DeepWriterID-v2\\data\raw\WPTT2.0-Train\080-P19.wptt,80,Test,080-P19
F:\PycharmProjects\DeepWriterID-v2\\data\raw\WPTT2.0-Train\080-P20.wptt,80,Train,080-P20
F:\PycharmProjects\DeepWriterID-v2\\data\raw\WPTT2.0-Train\081-P16.wptt,81,Train,081-P16
F:\PycharmProjects\DeepWriterID-v2\\data\raw\WPTT2.0-Train\081-P17.wptt,81,Train,081-P17
F:\PycharmProjects\DeepWriterID-v2\\data\raw\WPTT2.0-Train\081-P18.wptt,81,Train,081-P18
F:\PycharmProjects\DeepWriterID-v2\\data\raw\WPTT2.0-Train\081-P19.wptt,81,Train,081-P19
F:\PycharmProjects\DeepWriterID-v2\\data\raw\WPTT2.0-Train\081-P20.wptt,81,Test,081-P20
F:\PycharmProjects\DeepWriterID-v2\\data\raw\WPTT2.0-Train\083-P16.wptt,83,Train,083-P16
F:\PycharmProjects\DeepWriterID-v2\\data\raw\WPTT2.0-Train\083-P17.wptt,83,Train,083-P17
F:\PycharmProjects\DeepWriterID-v2\\data\raw\WPTT2.0-Train\083-P18.wptt,83,Train,083-P18
F:\PycharmProjects\DeepWriterID-v2\\data\raw\WPTT2.0-Train\083-P19.wptt,83,Train,083-P19
F:\PycharmProjects\DeepWriterID-v2\\data\raw\WPTT2.0-Train\083-P20.wptt,83,Test,083-P20
F:\PycharmProjects\DeepWriterID-v2\\data\raw\WPTT2.0-Train\085-P16.wptt,85,Test,085-P16
F:\PycharmProjects\DeepWriterID-v2\\data\raw\WPTT2.0-Train\085-P17.wptt,85,Train,085-P17
F:\PycharmProjects\DeepWriterID-v2\\data\raw\WPTT2.0-Train\085-P18.wptt,85,Train,085-P18
F:\PycharmProjects\DeepWriterID-v2\\data\raw\WPTT2.0-Train\085-P19.wptt,85,Train,085-P19
F:\PycharmProjects\DeepWriterID-v2\\data\raw\WPTT2.0-Train\085-P20.wptt,85,Train,085-P20
F:\PycharmProjects\DeepWriterID-v2\\data\raw\WPTT2.0-Train\086-P13.wptt,86,Train,086-P13
F:\PycharmProjects\DeepWriterID-v2\\data\raw\WPTT2.0-Train\086-P14.wptt,86,Train,086-P14
F:\PycharmProjects\DeepWriterID-v2\\data\raw\WPTT2.0-Train\086-P15.wptt,86,Train,086-P15
F:\PycharmProjects\DeepWriterID-v2\\data\raw\WPTT2.0-Train\086-P16.wptt,86,Test,086-P16
F:\PycharmProjects\DeepWriterID-v2\\data\raw\WPTT2.0-Train\086-P17.wptt,86,Train,086-P17
F:\PycharmProjects\DeepWriterID-v2\\data\raw\WPTT2.0-Train\087-P16.wptt,87,Train,087-P16
F:\PycharmProjects\DeepWriterID-v2\\data\raw\WPTT2.0-Train\087-P17.wptt,87,Train,087-P17
F:\PycharmProjects\DeepWriterID-v2\\data\raw\WPTT2.0-Train\087-P18.wptt,87,Train,087-P18
F:\PycharmProjects\DeepWriterID-v2\\data\raw\WPTT2.0-Train\087-P19.wptt,87,Test,087-P19
F:\PycharmProjects\DeepWriterID-v2\\data\raw\WPTT2.0-Train\087-P20.wptt,87,Train,087-P20
F:\PycharmProjects\DeepWriterID-v2\\data\raw\WPTT2.0-Train\088-P16.wptt,88,Train,088-P16
F:\PycharmProjects\DeepWriterID-v2\\data\raw\WPTT2.0-Train\088-P17.wptt,88,Test,088-P17
F:\PycharmProjects\DeepWriterID-v2\\data\raw\WPTT2.0-Train\088-P18.wptt,88,Train,088-P18
F:\PycharmProjects\DeepWriterID-v2\\data\raw\WPTT2.0-Train\088-P19.wptt,88,Train,088-P19
F:\PycharmProjects\DeepWriterID-v2\\data\raw\WPTT2.0-Train\088-P20.wptt,88,Train,088-P20
F:\PycharmProjects\DeepWriterID-v2\\data\raw\WPTT2.0-Train\089-P16.wptt,89,Train,089-P16
F:\PycharmProjects\DeepWriterID-v2\\data\raw\WPTT2.0-Train\089-P17.wptt,89,Train,089-P17
F:\PycharmProjects\DeepWriterID-v2\\data\raw\WPTT2.0-Train\089-P18.wptt,89,Test,089-P18
F:\PycharmProjects\DeepWriterID-v2\\data\raw\WPTT2.0-Train\089-P19.wptt,89,Train,089-P19
F:\PycharmProjects\DeepWriterID-v2\\data\raw\WPTT2.0-Train\089-P20.wptt,89,Train,089-P20
F:\PycharmProjects\DeepWriterID-v2\\data\raw\WPTT2.0-Train\090-P16.wptt,90,Train,090-P16
F:\PycharmProjects\DeepWriterID-v2\\data\raw\WPTT2.0-Train\090-P17.wptt,90,Train,090-P17
F:\PycharmProjects\DeepWriterID-v2\\data\raw\WPTT2.0-Train\090-P18.wptt,90,Test,090-P18
F:\PycharmProjects\DeepWriterID-v2\\data\raw\WPTT2.0-Train\090-P19.wptt,90,Train,090-P19
F:\PycharmProjects\DeepWriterID-v2\\data\raw\WPTT2.0-Train\090-P20.wptt,90,Train,090-P20
F:\PycharmProjects\DeepWriterID-v2\\data\raw\WPTT2.0-Train\091-P16.wptt,91,Train,091-P16
F:\PycharmProjects\DeepWriterID-v2\\data\raw\WPTT2.0-Train\091-P17.wptt,91,Train,091-P17
F:\PycharmProjects\DeepWriterID-v2\\data\raw\WPTT2.0-Train\091-P18.wptt,91,Test,091-P18
F:\PycharmProjects\DeepWriterID-v2\\data\raw\WPTT2.0-Train\091-P19.wptt,91,Train,091-P19
F:\PycharmProjects\DeepWriterID-v2\\data\raw\WPTT2.0-Train\091-P20.wptt,91,Train,091-P20
F:\PycharmProjects\DeepWriterID-v2\\data\raw\WPTT2.0-Train\092-P16.wptt,92,Test,092-P16
F:\PycharmProjects\DeepWriterID-v2\\data\raw\WPTT2.0-Train\092-P17.wptt,92,Train,092-P17
F:\PycharmProjects\DeepWriterID-v2\\data\raw\WPTT2.0-Train\092-P18.wptt,92,Train,092-P18
F:\PycharmProjects\DeepWriterID-v2\\data\raw\WPTT2.0-Train\092-P19.wptt,92,Train,092-P19
F:\PycharmProjects\DeepWriterID-v2\\data\raw\WPTT2.0-Train\092-P20.wptt,92,Train,092-P20
F:\PycharmProjects\DeepWriterID-v2\\data\raw\WPTT2.0-Train\093-P16.wptt,93,Train,093-P16
F:\PycharmProjects\DeepWriterID-v2\\data\raw\WPTT2.0-Train\093-P17.wptt,93,Train,093-P17
F:\PycharmProjects\DeepWriterID-v2\\data\raw\WPTT2.0-Train\093-P18.wptt,93,Train,093-P18
F:\PycharmProjects\DeepWriterID-v2\\data\raw\WPTT2.0-Train\093-P19.wptt,93,Test,093-P19
F:\PycharmProjects\DeepWriterID-v2\\data\raw\WPTT2.0-Train\093-P20.wptt,93,Train,093-P20
F:\PycharmProjects\DeepWriterID-v2\\data\raw\WPTT2.0-Train\094-P16.wptt,94,Train,094-P16
F:\PycharmProjects\DeepWriterID-v2\\data\raw\WPTT2.0-Train\094-P17.wptt,94,Train,094-P17
F:\PycharmProjects\DeepWriterID-v2\\data\raw\WPTT2.0-Train\094-P18.wptt,94,Train,094-P18
F:\PycharmProjects\DeepWriterID-v2\\data\raw\WPTT2.0-Train\094-P19.wptt,94,Test,094-P19
F:\PycharmProjects\DeepWriterID-v2\\data\raw\WPTT2.0-Train\094-P20.wptt,94,Train,094-P20
F:\PycharmProjects\DeepWriterID-v2\\data\raw\WPTT2.0-Train\095-P16.wptt,95,Test,095-P16
F:\PycharmProjects\DeepWriterID-v2\\data\raw\WPTT2.0-Train\095-P17.wptt,95,Train,095-P17
F:\PycharmProjects\DeepWriterID-v2\\data\raw\WPTT2.0-Train\095-P18.wptt,95,Train,095-P18
F:\PycharmProjects\DeepWriterID-v2\\data\raw\WPTT2.0-Train\095-P19.wptt,95,Train,095-P19
F:\PycharmProjects\DeepWriterID-v2\\data\raw\WPTT2.0-Train\095-P20.wptt,95,Train,095-P20
F:\PycharmProjects\DeepWriterID-v2\\data\raw\WPTT2.0-Train\096-P16.wptt,96,Train,096-P16
F:\PycharmProjects\DeepWriterID-v2\\data\raw\WPTT2.0-Train\096-P17.wptt,96,Train,096-P17
F:\PycharmProjects\DeepWriterID-v2\\data\raw\WPTT2.0-Train\096-P18.wptt,96,Train,096-P18
F:\PycharmProjects\DeepWriterID-v2\\data\raw\WPTT2.0-Train\096-P19.wptt,96,Train,096-P19
F:\PycharmProjects\DeepWriterID-v2\\data\raw\WPTT2.0-Train\096-P20.wptt,96,Test,096-P20
F:\PycharmProjects\DeepWriterID-v2\\data\raw\WPTT2.0-Train\098-P16.wptt,98,Train,098-P16
F:\PycharmProjects\DeepWriterID-v2\\data\raw\WPTT2.0-Train\098-P17.wptt,98,Train,098-P17
F:\PycharmProjects\DeepWriterID-v2\\data\raw\WPTT2.0-Train\098-P18.wptt,98,Train,098-P18
F:\PycharmProjects\DeepWriterID-v2\\data\raw\WPTT2.0-Train\098-P19.wptt,98,Test,098-P19
F:\PycharmProjects\DeepWriterID-v2\\data\raw\WPTT2.0-Train\098-P20.wptt,98,Train,098-P20
F:\PycharmProjects\DeepWriterID-v2\\data\raw\WPTT2.0-Train\099-P16.wptt,99,Train,099-P16
F:\PycharmProjects\DeepWriterID-v2\\data\raw\WPTT2.0-Train\099-P17.wptt,99,Train,099-P17
F:\PycharmProjects\DeepWriterID-v2\\data\raw\WPTT2.0-Train\099-P18.wptt,99,Train,099-P18
F:\PycharmProjects\DeepWriterID-v2\\data\raw\WPTT2.0-Train\099-P19.wptt,99,Train,099-P19
F:\PycharmProjects\DeepWriterID-v2\\data\raw\WPTT2.0-Train\099-P20.wptt,99,Test,099-P20
F:\PycharmProjects\DeepWriterID-v2\\data\raw\WPTT2.0-Train\100-P16.wptt,100,Train,100-P16
F:\PycharmProjects\DeepWriterID-v2\\data\raw\WPTT2.0-Train\100-P17.wptt,100,Train,100-P17
F:\PycharmProjects\DeepWriterID-v2\\data\raw\WPTT2.0-Train\100-P18.wptt,100,Train,100-P18
F:\PycharmProjects\DeepWriterID-v2\\data\raw\WPTT2.0-Train\100-P19.wptt,100,Train,100-P19
F:\PycharmProjects\DeepWriterID-v2\\data\raw\WPTT2.0-Train\100-P20.wptt,100,Test,100-P20
F:\PycharmProjects\DeepWriterID-v2\\data\raw\WPTT2.0-Test\082-P17.wptt,82,Train,082-P17
F:\PycharmProjects\DeepWriterID-v2\\data\raw\WPTT2.0-Test\082-P18.wptt,82,Train,082-P18
F:\PycharmProjects\DeepWriterID-v2\\data\raw\WPTT2.0-Test\082-P19.wptt,82,Train,082-P19
F:\PycharmProjects\DeepWriterID-v2\\data\raw\WPTT2.0-Test\082-P20.wptt,82,Train,082-P20
F:\PycharmProjects\DeepWriterID-v2\\data\raw\WPTT2.0-Test\082-P16.wptt,82,Test,082-P16
F:\PycharmProjects\DeepWriterID-v2\\data\raw\WPTT2.0-Test\006-P16.wptt,6,Test,006-P16
F:\PycharmProjects\DeepWriterID-v2\\data\raw\WPTT2.0-Test\006-P17.wptt,6,Train,006-P17
F:\PycharmProjects\DeepWriterID-v2\\data\raw\WPTT2.0-Test\006-P18.wptt,6,Train,006-P18
F:\PycharmProjects\DeepWriterID-v2\\data\raw\WPTT2.0-Test\006-P19.wptt,6,Train,006-P19
F:\PycharmProjects\DeepWriterID-v2\\data\raw\WPTT2.0-Test\006-P20.wptt,6,Train,006-P20
F:\PycharmProjects\DeepWriterID-v2\\data\raw\WPTT2.0-Test\084-P17.wptt,84,Train,084-P17
F:\PycharmProjects\DeepWriterID-v2\\data\raw\WPTT2.0-Test\084-P16.wptt,84,Train,084-P16
F:\PycharmProjects\DeepWriterID-v2\\data\raw\WPTT2.0-Test\084-P18.wptt,84,Train,084-P18
F:\PycharmProjects\DeepWriterID-v2\\data\raw\WPTT2.0-Test\084-P19.wptt,84,Test,084-P19
F:\PycharmProjects\DeepWriterID-v2\\data\raw\WPTT2.0-Test\084-P20.wptt,84,Train,084-P20
F:\PycharmProjects\DeepWriterID-v2\\data\raw\WPTT2.0-Test\013-P16.wptt,13,Train,013-P16
F:\PycharmProjects\DeepWriterID-v2\\data\raw\WPTT2.0-Test\013-P17.wptt,13,Test,013-P17
F:\PycharmProjects\DeepWriterID-v2\\data\raw\WPTT2.0-Test\013-P18.wptt,13,Train,013-P18
F:\PycharmProjects\DeepWriterID-v2\\data\raw\WPTT2.0-Test\013-P19.wptt,13,Train,013-P19
F:\PycharmProjects\DeepWriterID-v2\\data\raw\WPTT2.0-Test\013-P20.wptt,13,Train,013-P20
F:\PycharmProjects\DeepWriterID-v2\\data\raw\WPTT2.0-Test\020-P16.wptt,20,Train,020-P16
F:\PycharmProjects\DeepWriterID-v2\\data\raw\WPTT2.0-Test\020-P17.wptt,20,Train,020-P17
F:\PycharmProjects\DeepWriterID-v2\\data\raw\WPTT2.0-Test\020-P18.wptt,20,Test,020-P18
F:\PycharmProjects\DeepWriterID-v2\\data\raw\WPTT2.0-Test\020-P19.wptt,20,Train,020-P19
F:\PycharmProjects\DeepWriterID-v2\\data\raw\WPTT2.0-Test\020-P20.wptt,20,Train,020-P20
F:\PycharmProjects\DeepWriterID-v2\\data\raw\WPTT2.0-Test\029-P16.wptt,29,Train,029-P16
F:\PycharmProjects\DeepWriterID-v2\\data\raw\WPTT2.0-Test\029-P17.wptt,29,Train,029-P17
F:\PycharmProjects\DeepWriterID-v2\\data\raw\WPTT2.0-Test\029-P18.wptt,29,Train,029-P18
F:\PycharmProjects\DeepWriterID-v2\\data\raw\WPTT2.0-Test\029-P19.wptt,29,Test,029-P19
F:\PycharmProjects\DeepWriterID-v2\\data\raw\WPTT2.0-Test\029-P20.wptt,29,Train,029-P20
F:\PycharmProjects\DeepWriterID-v2\\data\raw\WPTT2.0-Test\038-P16.wptt,38,Train,038-P16
F:\PycharmProjects\DeepWriterID-v2\\data\raw\WPTT2.0-Test\038-P17.wptt,38,Train,038-P17
F:\PycharmProjects\DeepWriterID-v2\\data\raw\WPTT2.0-Test\038-P18.wptt,38,Train,038-P18
F:\PycharmProjects\DeepWriterID-v2\\data\raw\WPTT2.0-Test\038-P19.wptt,38,Test,038-P19
F:\PycharmProjects\DeepWriterID-v2\\data\raw\WPTT2.0-Test\038-P20.wptt,38,Train,038-P20
F:\PycharmProjects\DeepWriterID-v2\\data\raw\WPTT2.0-Test\042-P16.wptt,42,Train,042-P16
F:\PycharmProjects\DeepWriterID-v2\\data\raw\WPTT2.0-Test\042-P17.wptt,42,Train,042-P17
F:\PycharmProjects\DeepWriterID-v2\\data\raw\WPTT2.0-Test\042-P18.wptt,42,Test,042-P18
F:\PycharmProjects\DeepWriterID-v2\\data\raw\WPTT2.0-Test\042-P19.wptt,42,Train,042-P19
F:\PycharmProjects\DeepWriterID-v2\\data\raw\WPTT2.0-Test\042-P20.wptt,42,Train,042-P20
F:\PycharmProjects\DeepWriterID-v2\\data\raw\WPTT2.0-Test\046-P16.wptt,46,Train,046-P16
F:\PycharmProjects\DeepWriterID-v2\\data\raw\WPTT2.0-Test\046-P17.wptt,46,Train,046-P17
F:\PycharmProjects\DeepWriterID-v2\\data\raw\WPTT2.0-Test\046-P18.wptt,46,Train,046-P18
F:\PycharmProjects\DeepWriterID-v2\\data\raw\WPTT2.0-Test\046-P19.wptt,46,Train,046-P19
F:\PycharmProjects\DeepWriterID-v2\\data\raw\WPTT2.0-Test\046-P20.wptt,46,Test,046-P20
F:\PycharmProjects\DeepWriterID-v2\\data\raw\WPTT2.0-Test\058-P16.wptt,58,Train,058-P16
F:\PycharmProjects\DeepWriterID-v2\\data\raw\WPTT2.0-Test\058-P17.wptt,58,Train,058-P17
F:\PycharmProjects\DeepWriterID-v2\\data\raw\WPTT2.0-Test\058-P18.wptt,58,Test,058-P18
F:\PycharmProjects\DeepWriterID-v2\\data\raw\WPTT2.0-Test\058-P19.wptt,58,Train,058-P19
F:\PycharmProjects\DeepWriterID-v2\\data\raw\WPTT2.0-Test\058-P20.wptt,58,Train,058-P20
F:\PycharmProjects\DeepWriterID-v2\\data\raw\WPTT2.0-Test\060-P16.wptt,60,Train,060-P16
F:\PycharmProjects\DeepWriterID-v2\\data\raw\WPTT2.0-Test\060-P17.wptt,60,Test,060-P17
F:\PycharmProjects\DeepWriterID-v2\\data\raw\WPTT2.0-Test\060-P18.wptt,60,Train,060-P18
F:\PycharmProjects\DeepWriterID-v2\\data\raw\WPTT2.0-Test\060-P19.wptt,60,Train,060-P19
F:\PycharmProjects\DeepWriterID-v2\\data\raw\WPTT2.0-Test\060-P20.wptt,60,Train,060-P20
F:\PycharmProjects\DeepWriterID-v2\\data\raw\WPTT2.0-Test\062-P16.wptt,62,Train,062-P16
F:\PycharmProjects\DeepWriterID-v2\\data\raw\WPTT2.0-Test\062-P17.wptt,62,Train,062-P17
F:\PycharmProjects\DeepWriterID-v2\\data\raw\WPTT2.0-Test\062-P18.wptt,62,Test,062-P18
F:\PycharmProjects\DeepWriterID-v2\\data\raw\WPTT2.0-Test\062-P19.wptt,62,Train,062-P19
F:\PycharmProjects\DeepWriterID-v2\\data\raw\WPTT2.0-Test\062-P20.wptt,62,Train,062-P20
F:\PycharmProjects\DeepWriterID-v2\\data\raw\WPTT2.0-Test\069-P16.wptt,69,Test,069-P16
F:\PycharmProjects\DeepWriterID-v2\\data\raw\WPTT2.0-Test\069-P17.wptt,69,Train,069-P17
F:\PycharmProjects\DeepWriterID-v2\\data\raw\WPTT2.0-Test\069-P18.wptt,69,Train,069-P18
F:\PycharmProjects\DeepWriterID-v2\\data\raw\WPTT2.0-Test\069-P19.wptt,69,Train,069-P19
F:\PycharmProjects\DeepWriterID-v2\\data\raw\WPTT2.0-Test\069-P20.wptt,69,Train,069-P20
F:\PycharmProjects\DeepWriterID-v2\\data\raw\WPTT2.0-Test\073-P16.wptt,73,Train,073-P16
F:\PycharmProjects\DeepWriterID-v2\\data\raw\WPTT2.0-Test\073-P17.wptt,73,Test,073-P17
F:\PycharmProjects\DeepWriterID-v2\\data\raw\WPTT2.0-Test\073-P18.wptt,73,Train,073-P18
F:\PycharmProjects\DeepWriterID-v2\\data\raw\WPTT2.0-Test\073-P19.wptt,73,Train,073-P19
F:\PycharmProjects\DeepWriterID-v2\\data\raw\WPTT2.0-Test\073-P20.wptt,73,Train,073-P20
F:\PycharmProjects\DeepWriterID-v2\\data\raw\WPTT2.0-Test\097-P16.wptt,97,Train,097-P16
F:\PycharmProjects\DeepWriterID-v2\\data\raw\WPTT2.0-Test\097-P17.wptt,97,Train,097-P17
F:\PycharmProjects\DeepWriterID-v2\\data\raw\WPTT2.0-Test\097-P18.wptt,97,Train,097-P18
F:\PycharmProjects\DeepWriterID-v2\\data\raw\WPTT2.0-Test\097-P19.wptt,97,Test,097-P19
F:\PycharmProjects\DeepWriterID-v2\\data\raw\WPTT2.0-Test\097-P20.wptt,97,Train,097-P20
